{
  "algorithm": "kmeans",
  "best": {
    "k": 12,
    "silhouette": 0.16072021817391935,
    "inertia": 178.29961296768846
  },
  "cluster_counts": {
    "0": 10,
    "3": 10,
    "2": 6,
    "7": 3,
    "1": 3,
    "11": 2,
    "8": 1,
    "4": 1,
    "6": 1,
    "5": 1,
    "10": 1,
    "9": 1
  },
  "rows": 40,
  "num_features": 18
}